2024r06h,koudo,am1,問1,エ,
2024r06h,koudo,am1,問2,エ,
2024r06h,koudo,am1,問3,エ,
2024r06h,koudo,am1,問4,ウ,
2024r06h,koudo,am1,問5,ウ,
2024r06h,koudo,am1,問6,イ,
2024r06h,koudo,am1,問7,ウ,
2024r06h,koudo,am1,問8,エ,
2024r06h,koudo,am1,問9,ア,
2024r06h,koudo,am1,問10,イ,
2024r06h,koudo,am1,問11,エ,
2024r06h,koudo,am1,問12,イ,
2024r06h,koudo,am1,問13,イ,
2024r06h,koudo,am1,問14,イ,
2024r06h,koudo,am1,問15,ア,
2024r06h,koudo,am1,問16,イ,
2024r06h,koudo,am1,問17,ウ,
2024r06h,koudo,am1,問18,ア,
2024r06h,koudo,am1,問19,ア,
2024r06h,koudo,am1,問20,エ,
2024r06h,koudo,am1,問21,ア,
2024r06h,koudo,am1,問22,ウ,
2024r06h,koudo,am1,問23,エ,
2024r06h,koudo,am1,問24,エ,
2024r06h,koudo,am1,問25,エ,
2024r06h,koudo,am1,問26,エ,
2024r06h,koudo,am1,問27,ア,
2024r06h,koudo,am1,問28,ア,
2024r06h,koudo,am1,問29,ウ,
2024r06h,koudo,am1,問30,ウ,
