2023r05a,koudo,am1,問1,ア,
2023r05a,koudo,am1,問2,ア,
2023r05a,koudo,am1,問3,ウ,
2023r05a,koudo,am1,問4,ウ,
2023r05a,koudo,am1,問5,エ,
2023r05a,koudo,am1,問6,ア,
2023r05a,koudo,am1,問7,ア,
2023r05a,koudo,am1,問8,イ,
2023r05a,koudo,am1,問9,ア,
2023r05a,koudo,am1,問10,イ,
2023r05a,koudo,am1,問11,エ,
2023r05a,koudo,am1,問12,ウ,
2023r05a,koudo,am1,問13,ウ,
2023r05a,koudo,am1,問14,ア,
2023r05a,koudo,am1,問15,ア,
2023r05a,koudo,am1,問16,エ,
2023r05a,koudo,am1,問17,ア,
2023r05a,koudo,am1,問18,エ,
2023r05a,koudo,am1,問19,ア,
2023r05a,koudo,am1,問20,イ,
2023r05a,koudo,am1,問21,イ,
2023r05a,koudo,am1,問22,ウ,
2023r05a,koudo,am1,問23,イ,
2023r05a,koudo,am1,問24,エ,
2023r05a,koudo,am1,問25,エ,
2023r05a,koudo,am1,問26,イ,
2023r05a,koudo,am1,問27,ウ,
2023r05a,koudo,am1,問28,イ,
2023r05a,koudo,am1,問29,イ,
2023r05a,koudo,am1,問30,ア,
