2012h24a,ap,am,問1,ア
2012h24a,ap,am,問1,ア
2012h24a,ap,am,問2,イ
2012h24a,ap,am,問3,エ
2012h24a,ap,am,問4,イ
2012h24a,ap,am,問5,ア
2012h24a,ap,am,問6,イ
2012h24a,ap,am,問7,イ
2012h24a,ap,am,問8,ア
2012h24a,ap,am,問9,ウ
2012h24a,ap,am,問10,ア
2012h24a,ap,am,問11,イ
2012h24a,ap,am,問12,ウ
2012h24a,ap,am,問13,ア
2012h24a,ap,am,問14,ア
2012h24a,ap,am,問15,イ
2012h24a,ap,am,問16,
2012h24a,ap,am,問17,イ
2012h24a,ap,am,問18,ア
2012h24a,ap,am,問19,イ
2012h24a,ap,am,問20,エ
2012h24a,ap,am,問21,ウ
2012h24a,ap,am,問22,ア
2012h24a,ap,am,問23,ウ
2012h24a,ap,am,問24,ア
2012h24a,ap,am,問25,ア
2012h24a,ap,am,問26,ウ
2012h24a,ap,am,問27,エ
2012h24a,ap,am,問28,エ
2012h24a,ap,am,問29,ア
2012h24a,ap,am,問30,ア
2012h24a,ap,am,問31,イ
2012h24a,ap,am,問32,ア
2012h24a,ap,am,問33,ウ
2012h24a,ap,am,問34,ウ
2012h24a,ap,am,問35,イ
2012h24a,ap,am,問36,エ
2012h24a,ap,am,問37,ア
2012h24a,ap,am,問38,ア
2012h24a,ap,am,問39,イ
2012h24a,ap,am,問40,ア
2012h24a,ap,am,問41,ア
2012h24a,ap,am,問42,エ
2012h24a,ap,am,問43,ウ
2012h24a,ap,am,問44,イ
2012h24a,ap,am,問45,ア
2012h24a,ap,am,問46,ア
2012h24a,ap,am,問47,ア
2012h24a,ap,am,問48,ウ
2012h24a,ap,am,問49,イ
2012h24a,ap,am,問50,エ
2012h24a,ap,am,問51,ア
2012h24a,ap,am,問51,ア
2012h24a,ap,am,問52,ウ
2012h24a,ap,am,問53,ア
2012h24a,ap,am,問54,ア
2012h24a,ap,am,問55,イ
2012h24a,ap,am,問56,イ
2012h24a,ap,am,問57,エ
2012h24a,ap,am,問58,ア
2012h24a,ap,am,問59,イ
2012h24a,ap,am,問60,ア
2012h24a,ap,am,問61,ウ
2012h24a,ap,am,問61,ウ
2012h24a,ap,am,問62,ウ
2012h24a,ap,am,問63,イ
2012h24a,ap,am,問64,エ
2012h24a,ap,am,問65,ウ
2012h24a,ap,am,問66,エ
2012h24a,ap,am,問67,ウ
2012h24a,ap,am,問68,イ
2012h24a,ap,am,問69,ウ
2012h24a,ap,am,問70,ア
2012h24a,ap,am,問71,ウ
2012h24a,ap,am,問72,イ
2012h24a,ap,am,問73,ア
2012h24a,ap,am,問74,エ
2012h24a,ap,am,問75,イ
2012h24a,ap,am,問76,ウ
2012h24a,ap,am,問77,ア
2012h24a,ap,am,問78,イ
2012h24a,ap,am,問79,ア
2012h24a,ap,am,問80,ア
