2025r07h,ap,am,問1,エ
2025r07h,ap,am,問2,ア
2025r07h,ap,am,問3,イ
2025r07h,ap,am,問4,イ
2025r07h,ap,am,問5,ウ
2025r07h,ap,am,問6,ウ
2025r07h,ap,am,問7,ウ
2025r07h,ap,am,問8,ウ
2025r07h,ap,am,問9,エ
2025r07h,ap,am,問10,ア
2025r07h,ap,am,問11,エ
2025r07h,ap,am,問12,イ
2025r07h,ap,am,問13,エ
2025r07h,ap,am,問14,イ
2025r07h,ap,am,問15,ウ
2025r07h,ap,am,問16,ア
2025r07h,ap,am,問17,エ
2025r07h,ap,am,問18,ウ
2025r07h,ap,am,問19,イ
2025r07h,ap,am,問20,イ
2025r07h,ap,am,問21,ウ
2025r07h,ap,am,問22,ウ
2025r07h,ap,am,問23,ウ
2025r07h,ap,am,問24,エ
2025r07h,ap,am,問25,ウ
2025r07h,ap,am,問26,イ
2025r07h,ap,am,問27,ア
2025r07h,ap,am,問28,1
2025r07h,ap,am,問29,イ
2025r07h,ap,am,問30,1
2025r07h,ap,am,問31,エ
2025r07h,ap,am,問32,ウ
2025r07h,ap,am,問33,ア
2025r07h,ap,am,問34,ウ
2025r07h,ap,am,問35,ウ
2025r07h,ap,am,問36,イ
2025r07h,ap,am,問37,イ
2025r07h,ap,am,問38,ウ
2025r07h,ap,am,問39,ウ
2025r07h,ap,am,問40,イ
2025r07h,ap,am,問41,イ
2025r07h,ap,am,問42,イ
2025r07h,ap,am,問43,ウ
2025r07h,ap,am,問44,ウ
2025r07h,ap,am,問45,ア
2025r07h,ap,am,問46,ア
2025r07h,ap,am,問47,イ
2025r07h,ap,am,問48,エ
2025r07h,ap,am,問49,ウ
2025r07h,ap,am,問50,イ
2025r07h,ap,am,問51,エ
2025r07h,ap,am,問52,イ
2025r07h,ap,am,問53,エ
2025r07h,ap,am,問54,ウ
2025r07h,ap,am,問55,イ
2025r07h,ap,am,問56,ウ
2025r07h,ap,am,問57,ア
2025r07h,ap,am,問58,ウ
2025r07h,ap,am,問59,ウ
2025r07h,ap,am,問60,ア
2025r07h,ap,am,問61,イ
2025r07h,ap,am,問62,ア
2025r07h,ap,am,問63,エ
2025r07h,ap,am,問64,ウ
2025r07h,ap,am,問65,ア
2025r07h,ap,am,問66,イ
2025r07h,ap,am,問67,ウ
2025r07h,ap,am,問68,ア
2025r07h,ap,am,問69,ウ
2025r07h,ap,am,問70,ウ
2025r07h,ap,am,問71,イ
2025r07h,ap,am,問72,エ
2025r07h,ap,am,問73,ウ
2025r07h,ap,am,問74,エ
2025r07h,ap,am,問75,ウ
2025r07h,ap,am,問76,エ
2025r07h,ap,am,問77,ウ
2025r07h,ap,am,問78,イ
2025r07h,ap,am,問79,イ
2025r07h,ap,am,問80,エ
